--
-- PostgreSQL database dump
--

-- Dumped from database version 12.17 (Ubuntu 12.17-1.pgdg22.04+1)
-- Dumped by pg_dump version 12.17 (Ubuntu 12.17-1.pgdg22.04+1)

SET statement_timeout = 0;
SET lock_timeout = 0;
SET idle_in_transaction_session_timeout = 0;
SET client_encoding = 'UTF8';
SET standard_conforming_strings = on;
SELECT pg_catalog.set_config('search_path', '', false);
SET check_function_bodies = false;
SET xmloption = content;
SET client_min_messages = warning;
SET row_security = off;

DROP DATABASE universe;
--
-- Name: universe; Type: DATABASE; Schema: -; Owner: freecodecamp
--

CREATE DATABASE universe WITH TEMPLATE = template0 ENCODING = 'UTF8' LC_COLLATE = 'C.UTF-8' LC_CTYPE = 'C.UTF-8';


ALTER DATABASE universe OWNER TO freecodecamp;

\connect universe

SET statement_timeout = 0;
SET lock_timeout = 0;
SET idle_in_transaction_session_timeout = 0;
SET client_encoding = 'UTF8';
SET standard_conforming_strings = on;
SELECT pg_catalog.set_config('search_path', '', false);
SET check_function_bodies = false;
SET xmloption = content;
SET client_min_messages = warning;
SET row_security = off;

SET default_tablespace = '';

SET default_table_access_method = heap;

--
-- Name: galaxy; Type: TABLE; Schema: public; Owner: freecodecamp
--

CREATE TABLE public.galaxy (
    galaxy_id integer NOT NULL,
    name character varying(50) NOT NULL,
    description text,
    num_of_stars numeric NOT NULL,
    inhabited boolean NOT NULL
);


ALTER TABLE public.galaxy OWNER TO freecodecamp;

--
-- Name: galaxy_galaxy_id_seq; Type: SEQUENCE; Schema: public; Owner: freecodecamp
--

CREATE SEQUENCE public.galaxy_galaxy_id_seq
    AS integer
    START WITH 1
    INCREMENT BY 1
    NO MINVALUE
    NO MAXVALUE
    CACHE 1;


ALTER TABLE public.galaxy_galaxy_id_seq OWNER TO freecodecamp;

--
-- Name: galaxy_galaxy_id_seq; Type: SEQUENCE OWNED BY; Schema: public; Owner: freecodecamp
--

ALTER SEQUENCE public.galaxy_galaxy_id_seq OWNED BY public.galaxy.galaxy_id;


--
-- Name: moon; Type: TABLE; Schema: public; Owner: freecodecamp
--

CREATE TABLE public.moon (
    moon_id integer NOT NULL,
    name character varying(50) NOT NULL,
    planet_id integer,
    radius numeric NOT NULL,
    is_habitable boolean NOT NULL
);


ALTER TABLE public.moon OWNER TO freecodecamp;

--
-- Name: moon_moon_id_seq; Type: SEQUENCE; Schema: public; Owner: freecodecamp
--

CREATE SEQUENCE public.moon_moon_id_seq
    AS integer
    START WITH 1
    INCREMENT BY 1
    NO MINVALUE
    NO MAXVALUE
    CACHE 1;


ALTER TABLE public.moon_moon_id_seq OWNER TO freecodecamp;

--
-- Name: moon_moon_id_seq; Type: SEQUENCE OWNED BY; Schema: public; Owner: freecodecamp
--

ALTER SEQUENCE public.moon_moon_id_seq OWNED BY public.moon.moon_id;


--
-- Name: planet; Type: TABLE; Schema: public; Owner: freecodecamp
--

CREATE TABLE public.planet (
    planet_id integer NOT NULL,
    name character varying(50) NOT NULL,
    star_id integer,
    diameter numeric NOT NULL,
    population numeric,
    has_life boolean NOT NULL
);


ALTER TABLE public.planet OWNER TO freecodecamp;

--
-- Name: planet_planet_id_seq; Type: SEQUENCE; Schema: public; Owner: freecodecamp
--

CREATE SEQUENCE public.planet_planet_id_seq
    AS integer
    START WITH 1
    INCREMENT BY 1
    NO MINVALUE
    NO MAXVALUE
    CACHE 1;


ALTER TABLE public.planet_planet_id_seq OWNER TO freecodecamp;

--
-- Name: planet_planet_id_seq; Type: SEQUENCE OWNED BY; Schema: public; Owner: freecodecamp
--

ALTER SEQUENCE public.planet_planet_id_seq OWNED BY public.planet.planet_id;


--
-- Name: space_station; Type: TABLE; Schema: public; Owner: freecodecamp
--

CREATE TABLE public.space_station (
    space_station_id integer NOT NULL,
    name character varying(50) NOT NULL,
    galaxy_id integer,
    capacity integer NOT NULL,
    operational boolean NOT NULL,
    age integer
);


ALTER TABLE public.space_station OWNER TO freecodecamp;

--
-- Name: space_station_space_station_id_seq; Type: SEQUENCE; Schema: public; Owner: freecodecamp
--

CREATE SEQUENCE public.space_station_space_station_id_seq
    AS integer
    START WITH 1
    INCREMENT BY 1
    NO MINVALUE
    NO MAXVALUE
    CACHE 1;


ALTER TABLE public.space_station_space_station_id_seq OWNER TO freecodecamp;

--
-- Name: space_station_space_station_id_seq; Type: SEQUENCE OWNED BY; Schema: public; Owner: freecodecamp
--

ALTER SEQUENCE public.space_station_space_station_id_seq OWNED BY public.space_station.space_station_id;


--
-- Name: star; Type: TABLE; Schema: public; Owner: freecodecamp
--

CREATE TABLE public.star (
    star_id integer NOT NULL,
    name character varying(50) NOT NULL,
    galaxy_id integer,
    mass numeric NOT NULL,
    age numeric NOT NULL,
    is_bright boolean NOT NULL
);


ALTER TABLE public.star OWNER TO freecodecamp;

--
-- Name: star_star_id_seq; Type: SEQUENCE; Schema: public; Owner: freecodecamp
--

CREATE SEQUENCE public.star_star_id_seq
    AS integer
    START WITH 1
    INCREMENT BY 1
    NO MINVALUE
    NO MAXVALUE
    CACHE 1;


ALTER TABLE public.star_star_id_seq OWNER TO freecodecamp;

--
-- Name: star_star_id_seq; Type: SEQUENCE OWNED BY; Schema: public; Owner: freecodecamp
--

ALTER SEQUENCE public.star_star_id_seq OWNED BY public.star.star_id;


--
-- Name: galaxy galaxy_id; Type: DEFAULT; Schema: public; Owner: freecodecamp
--

ALTER TABLE ONLY public.galaxy ALTER COLUMN galaxy_id SET DEFAULT nextval('public.galaxy_galaxy_id_seq'::regclass);


--
-- Name: moon moon_id; Type: DEFAULT; Schema: public; Owner: freecodecamp
--

ALTER TABLE ONLY public.moon ALTER COLUMN moon_id SET DEFAULT nextval('public.moon_moon_id_seq'::regclass);


--
-- Name: planet planet_id; Type: DEFAULT; Schema: public; Owner: freecodecamp
--

ALTER TABLE ONLY public.planet ALTER COLUMN planet_id SET DEFAULT nextval('public.planet_planet_id_seq'::regclass);


--
-- Name: space_station space_station_id; Type: DEFAULT; Schema: public; Owner: freecodecamp
--

ALTER TABLE ONLY public.space_station ALTER COLUMN space_station_id SET DEFAULT nextval('public.space_station_space_station_id_seq'::regclass);


--
-- Name: star star_id; Type: DEFAULT; Schema: public; Owner: freecodecamp
--

ALTER TABLE ONLY public.star ALTER COLUMN star_id SET DEFAULT nextval('public.star_star_id_seq'::regclass);


--
-- Data for Name: galaxy; Type: TABLE DATA; Schema: public; Owner: freecodecamp
--

INSERT INTO public.galaxy VALUES (1, 'Milky Way', 'A large barred spiral galaxy', 1000000000, true);
INSERT INTO public.galaxy VALUES (2, 'Andromeda', 'A spiral galaxy and closest neighbor', 1000000000, false);
INSERT INTO public.galaxy VALUES (3, 'Triangulum', 'Small spiral galaxy in the Local Group', 400000000, false);
INSERT INTO public.galaxy VALUES (4, 'Whirlpool', 'A classic spiral galaxy', 300000000, true);
INSERT INTO public.galaxy VALUES (5, 'Sombrero', 'A bright galaxy with a large central bulge', 800000000, false);
INSERT INTO public.galaxy VALUES (6, 'Black Eye', 'A galaxy with a large dust cloud', 500000000, true);


--
-- Data for Name: moon; Type: TABLE DATA; Schema: public; Owner: freecodecamp
--

INSERT INTO public.moon VALUES (1, 'Moon', 1, 1737, false);
INSERT INTO public.moon VALUES (2, 'Phobos', 2, 11.267, false);
INSERT INTO public.moon VALUES (3, 'Deimos', 2, 6.2, false);
INSERT INTO public.moon VALUES (4, 'Europa', 4, 1560, true);
INSERT INTO public.moon VALUES (5, 'Ganymede', 4, 2634, false);
INSERT INTO public.moon VALUES (6, 'Callisto', 4, 2410, false);
INSERT INTO public.moon VALUES (7, 'Titan', 4, 2575, true);
INSERT INTO public.moon VALUES (8, 'Io', 4, 1821, false);
INSERT INTO public.moon VALUES (9, 'Rhea', 4, 1528, false);
INSERT INTO public.moon VALUES (10, 'Triton', 4, 1353, false);
INSERT INTO public.moon VALUES (11, 'Oberon', 5, 761, false);
INSERT INTO public.moon VALUES (12, 'Pandora Moon', 6, 690, true);
INSERT INTO public.moon VALUES (13, 'Tethys', 6, 531, false);
INSERT INTO public.moon VALUES (14, 'Miranda', 6, 471, false);
INSERT INTO public.moon VALUES (15, 'Titania', 6, 788, false);
INSERT INTO public.moon VALUES (16, 'Mimas', 6, 198, false);
INSERT INTO public.moon VALUES (17, 'Dione', 6, 736, false);
INSERT INTO public.moon VALUES (18, 'Iapetus', 6, 735, false);
INSERT INTO public.moon VALUES (19, 'Enceladus', 6, 252, false);
INSERT INTO public.moon VALUES (20, 'Charon', 1, 606, false);


--
-- Data for Name: planet; Type: TABLE DATA; Schema: public; Owner: freecodecamp
--

INSERT INTO public.planet VALUES (1, 'Earth', 1, 12742, 8000000000, true);
INSERT INTO public.planet VALUES (2, 'Mars', 1, 6779, 0, false);
INSERT INTO public.planet VALUES (3, 'Venus', 1, 12104, 0, false);
INSERT INTO public.planet VALUES (4, 'Jupiter', 1, 139820, 0, false);
INSERT INTO public.planet VALUES (5, 'Proxima b', 2, 11800, 0, false);
INSERT INTO public.planet VALUES (6, 'Alpha Centauri Bb', 3, 10400, 0, false);
INSERT INTO public.planet VALUES (7, 'HD 209458b', 4, 143000, 0, false);
INSERT INTO public.planet VALUES (8, 'Kepler-22b', 5, 30000, 0, true);
INSERT INTO public.planet VALUES (9, 'Gliese 581g', 6, 17000, 0, true);
INSERT INTO public.planet VALUES (10, 'Vulcan', 5, 18000, 0, true);
INSERT INTO public.planet VALUES (11, 'Pandora', 1, 14000, 0, true);
INSERT INTO public.planet VALUES (12, 'Tatooine', 6, 19000, 0, false);


--
-- Data for Name: space_station; Type: TABLE DATA; Schema: public; Owner: freecodecamp
--

INSERT INTO public.space_station VALUES (1, 'ISS', 1, 6, true, 22);
INSERT INTO public.space_station VALUES (2, 'Babylon 5', 3, 1000, true, 10);
INSERT INTO public.space_station VALUES (3, 'Death Star', 4, 150000, false, 4);


--
-- Data for Name: star; Type: TABLE DATA; Schema: public; Owner: freecodecamp
--

INSERT INTO public.star VALUES (1, 'Sun', 1, 1989000000000000000000000000000, 4600000000, true);
INSERT INTO public.star VALUES (2, 'Proxima Centauri', 2, 122000000000000000000000000000, 4600000000, false);
INSERT INTO public.star VALUES (3, 'Alpha Centauri', 2, 1100000000000000000000000000000, 5600000000, true);
INSERT INTO public.star VALUES (4, 'Betelgeuse', 3, 20000000000000000000000000000000, 8000000, true);
INSERT INTO public.star VALUES (5, 'Sirius', 1, 2063000000000000000000000000000, 242000000, true);
INSERT INTO public.star VALUES (6, 'Vega', 4, 2135000000000000000000000000000, 455000000, true);


--
-- Name: galaxy_galaxy_id_seq; Type: SEQUENCE SET; Schema: public; Owner: freecodecamp
--

SELECT pg_catalog.setval('public.galaxy_galaxy_id_seq', 6, true);


--
-- Name: moon_moon_id_seq; Type: SEQUENCE SET; Schema: public; Owner: freecodecamp
--

SELECT pg_catalog.setval('public.moon_moon_id_seq', 20, true);


--
-- Name: planet_planet_id_seq; Type: SEQUENCE SET; Schema: public; Owner: freecodecamp
--

SELECT pg_catalog.setval('public.planet_planet_id_seq', 12, true);


--
-- Name: space_station_space_station_id_seq; Type: SEQUENCE SET; Schema: public; Owner: freecodecamp
--

SELECT pg_catalog.setval('public.space_station_space_station_id_seq', 3, true);


--
-- Name: star_star_id_seq; Type: SEQUENCE SET; Schema: public; Owner: freecodecamp
--

SELECT pg_catalog.setval('public.star_star_id_seq', 6, true);


--
-- Name: galaxy galaxy_name_key; Type: CONSTRAINT; Schema: public; Owner: freecodecamp
--

ALTER TABLE ONLY public.galaxy
    ADD CONSTRAINT galaxy_name_key UNIQUE (name);


--
-- Name: galaxy galaxy_pkey; Type: CONSTRAINT; Schema: public; Owner: freecodecamp
--

ALTER TABLE ONLY public.galaxy
    ADD CONSTRAINT galaxy_pkey PRIMARY KEY (galaxy_id);


--
-- Name: moon moon_name_key; Type: CONSTRAINT; Schema: public; Owner: freecodecamp
--

ALTER TABLE ONLY public.moon
    ADD CONSTRAINT moon_name_key UNIQUE (name);


--
-- Name: moon moon_pkey; Type: CONSTRAINT; Schema: public; Owner: freecodecamp
--

ALTER TABLE ONLY public.moon
    ADD CONSTRAINT moon_pkey PRIMARY KEY (moon_id);


--
-- Name: planet planet_name_key; Type: CONSTRAINT; Schema: public; Owner: freecodecamp
--

ALTER TABLE ONLY public.planet
    ADD CONSTRAINT planet_name_key UNIQUE (name);


--
-- Name: planet planet_pkey; Type: CONSTRAINT; Schema: public; Owner: freecodecamp
--

ALTER TABLE ONLY public.planet
    ADD CONSTRAINT planet_pkey PRIMARY KEY (planet_id);


--
-- Name: space_station space_station_name_key; Type: CONSTRAINT; Schema: public; Owner: freecodecamp
--

ALTER TABLE ONLY public.space_station
    ADD CONSTRAINT space_station_name_key UNIQUE (name);


--
-- Name: space_station space_station_pkey; Type: CONSTRAINT; Schema: public; Owner: freecodecamp
--

ALTER TABLE ONLY public.space_station
    ADD CONSTRAINT space_station_pkey PRIMARY KEY (space_station_id);


--
-- Name: star star_name_key; Type: CONSTRAINT; Schema: public; Owner: freecodecamp
--

ALTER TABLE ONLY public.star
    ADD CONSTRAINT star_name_key UNIQUE (name);


--
-- Name: star star_pkey; Type: CONSTRAINT; Schema: public; Owner: freecodecamp
--

ALTER TABLE ONLY public.star
    ADD CONSTRAINT star_pkey PRIMARY KEY (star_id);


--
-- Name: moon moon_planet_id_fkey; Type: FK CONSTRAINT; Schema: public; Owner: freecodecamp
--

ALTER TABLE ONLY public.moon
    ADD CONSTRAINT moon_planet_id_fkey FOREIGN KEY (planet_id) REFERENCES public.planet(planet_id) ON DELETE CASCADE;


--
-- Name: planet planet_star_id_fkey; Type: FK CONSTRAINT; Schema: public; Owner: freecodecamp
--

ALTER TABLE ONLY public.planet
    ADD CONSTRAINT planet_star_id_fkey FOREIGN KEY (star_id) REFERENCES public.star(star_id) ON DELETE CASCADE;


--
-- Name: space_station space_station_galaxy_id_fkey; Type: FK CONSTRAINT; Schema: public; Owner: freecodecamp
--

ALTER TABLE ONLY public.space_station
    ADD CONSTRAINT space_station_galaxy_id_fkey FOREIGN KEY (galaxy_id) REFERENCES public.galaxy(galaxy_id) ON DELETE CASCADE;


--
-- Name: star star_galaxy_id_fkey; Type: FK CONSTRAINT; Schema: public; Owner: freecodecamp
--

ALTER TABLE ONLY public.star
    ADD CONSTRAINT star_galaxy_id_fkey FOREIGN KEY (galaxy_id) REFERENCES public.galaxy(galaxy_id) ON DELETE CASCADE;


--
-- PostgreSQL database dump complete
--

